amenity,name,lon,lat
place_of_worship,Iglesia Santa Ana,-75.6151887,6.1511313
police,Oficina de Tránsito y transporte Sabaneta,-75.6187654,6.1492385
bank,Banco BBVA,-75.6149332,6.1515522
bank,Bancolombia Sabaneta,-75.617415,6.1488144
bank,Sucursal Bancolombia Sabaneta,-75.6171789,6.1501782
pharmacy,PASTEUR PARQUE SABANETA,-75.6157075,6.1518256
pharmacy,PASTEUR VEGAS PLAZA,-75.6234672,6.1513636
pharmacy,farmacenter,-75.6191319,6.151988
pharmacy,Droguería Alcántara,-75.6102094,6.1534655
pharmacy,Drogueria Luz Del Dia 2,-75.6224846,6.149998
pharmacy,Farmedica Vital,-75.6159441,6.1537085
school,Secretaria de Educacion,-75.6168527,6.1504392
pharmacy,Drogas Descuentos,-75.6167137,6.1504271
bank,Banco de Occidente,-75.6173037,6.1499698
bank,Banco Caja Social,-75.6173819,6.1499091
pharmacy,Drogueria Smart,-75.6142978,6.1513513
pharmacy,Aves Maria,-75.6140886,6.1501269
place_of_worship,Iglesia Hombre,-75.6082186,6.1598526
bank,Bancolombia,-75.6044293,6.1576664
bank,Bancolombia,-75.6115036,6.1520878
place_of_worship,Transformacion Global,-75.6057693,6.1570573
university,Universidad CES,-75.6045401,6.1579329
pharmacy,,-75.6180417,6.1496301
pharmacy,,-75.6167557,6.1524902
hospital,Hospital Venancio Diaz,-75.621831,6.1481081
bank,Cotrafa,-75.6146394,6.1513084
place_of_worship,,-75.6228729,6.1497982
place_of_worship,Iglesia Cristiana AlianzaFuente de Vida,-75.609841,6.1540419
food_court,Zona de Estaderos,-75.4326008,6.2540599
place_of_worship,Iglesia Catolica Nuestra Señor de la Candelaria,-75.4423504,6.2801675
hospital,Hospita Nuestra Señora de la Candelaria Guarne,-75.4453267,6.2817005
bank,Bancolombia oficina principal - Guarne,-75.4426625,6.2794069
place_of_worship,Capilla Santa Ana,-75.4450183,6.2822155
hospital,Hospital Nuestra Señora de la Candelaria,-75.4453297,6.2815037
place_of_worship,Capilla Santa Ana,-75.4456033,6.2825621
hospital,Centro Medico Santa Ana,-75.4439762,6.2804632
place_of_worship,Parroquia de la Santa Cruz,-75.4330312,6.0220464
police,Estación de Policía,-75.429456,6.0305082
bank,,-75.4316009,6.0311611
bank,,-75.4307051,6.0309051
pharmacy,Droguería Profamiliar Parque,-75.4312254,6.0306277
school,,-75.4294176,6.0291979
pharmacy,,-75.4311611,6.0313318
clinic,Clínica San Juan de Dios,-75.4280094,6.0432912
hospital,San Vicente de caldas,-75.6338021,6.0866457
hospital,HOSPITAL,-75.634566,6.08673
school,Corporación Universitaria Lasallista,-75.6385669,6.1002267
community_centre,IDMJI Caldas,-75.6339828,6.0930228
hospital,Hospital General de Medellin,-75.5727495,6.2344028
pharmacy,Farmacia Pasteur,-75.57863,6.1842195
bank,Davivienda,-75.5788789,6.1836905
school,Santa Clara de Asissi,-75.6046129,6.2425209
hospital,Clínica Las Vegas,-75.5766139,6.2034549
place_of_worship,Iglesia de La Candelaria,-75.5674395,6.2498851
cinema,Cinecolombia Unicentro,-75.5863053,6.2407805
place_of_worship,Iglesia del Sagrado Corazón,-75.5762761,6.247813
place_of_worship,Capilla Hospital Universitario,-75.5644127,6.2626626
place_of_worship,Iglesia de San Benito,-75.5737329,6.2541135
hospital,Clínica Medellín,-75.5638945,6.2512956
cinema,Cinecolombia Los Molinos,-75.6039942,6.2323626
cinema,Cinemark El Tesoro,-75.5588491,6.1981217
cinema,CineColombia Oviedo,-75.5756922,6.199855
school,Colegio Padre Manyanet,-75.6091329,6.2199877
place_of_worship,La Divina Eucaristía,-75.5663546,6.2067253
pharmacy,El Molino,-75.6065786,6.2442641
pharmacy,Donoto,-75.6060207,6.2457999
hospital,SOMA,-75.5645579,6.2488833
school,Colegio San jose del,-75.5443122,6.2031929
place_of_worship,Iglesia San Matias Apostol,-75.6015557,6.2672638
place_of_worship,La Consolata,-75.5982319,6.2489652
food_court,Cafeteria Central,-75.5770971,6.2622292
hospital,,-75.5525882,6.294778
police,,-75.5526577,6.2947367
school,Instituto Corferrini,-75.5538784,6.2941915
cinema,Multicine Jumbo 65 - Royal Films,-75.5852276,6.2522658
pharmacy,Farmacia Pasteur,-75.5729071,6.2007666
food_court,Soft Touch,-75.595284,6.2112934
pharmacy,Droguería Dar Salud la 81,-75.60215,6.2491887
pharmacy,Botica Junin,-75.5916503,6.2497376
pharmacy,Drogas Super Éxito,-75.5831606,6.2543881
pharmacy,Droguería Farma,-75.5959421,6.2298812
pharmacy,Drogruería La Garantía,-75.5915988,6.2317447
pharmacy,"Farmacia José Celestino Mutis, natulista",-75.5965127,6.2499097
pharmacy,Droguería Junta,-75.599662,6.2246821
pharmacy,Droguería Dromar,-75.5971685,6.2246392
pharmacy,Droguería Jesua,-75.599926,6.2255364
pharmacy,Droguería Caribe la 76,-75.5961093,6.2312791
pharmacy,Droguería Villa de Aburrá,-75.6020626,6.2346546
pharmacy,Droguería la 80 con la 25,-75.6016512,6.2272662
pharmacy,Droguería Belén 2,-75.5969243,6.2253107
pharmacy,Farmacia Pasteur,-75.5694953,6.2472379
hospital,Unidad Renal,-75.5781105,6.1948324
hospital,Quirustetic,-75.5777441,6.1948723
pharmacy,Botica Junín,-75.5970315,6.214306
pharmacy,Droguería Colsubsidio,-75.5928064,6.2392038
cinema,Cinema Vizcaya,-75.5630767,6.2079474
place_of_worship,Parroquia María Madre del Redentor,-75.6153558,6.2508006
school,Escuela Cristóbal Colón,-75.6132997,6.2504216
bank,Medellin,-75.5733791,6.2450559
place_of_worship,La cruz,-75.6274131,6.2699776
place_of_worship,Gruta La Cruz,-75.6296193,6.2681357
police,CAI El Playón,-75.5554069,6.3074448
place_of_worship,Iglesia Maria Auxiliadora,-75.5548678,6.3064904
place_of_worship,Gruta Virgen de Fatima,-75.6351898,6.2697339
place_of_worship,Iglesia La Fe,-75.5821759,6.2242871
police,Santa Elena,-75.49974,6.2112647
school,Institución Educativa Santa Elena,-75.4921809,6.2065833
nightclub,El blue,-75.567896,6.210696
nightclub,Red,-75.568,6.210229
place_of_worship,Iglesia Bautista Prado Centro,-75.5661042,6.2582416
place_of_worship,Parroquia El Verbo Divino,-75.5843279,6.2410575
university,Parqueadero Universidad de San Buenaventura,-75.573149,6.254629
school,Colegio Calazans Femenino,-75.5909395,6.2649638
school,Colegio Jesús María,-75.5942011,6.2548001
place_of_worship,San Juan Evangelista,-75.5814361,6.2553666
police,La Macarena,-75.5813266,6.2498132
hospital,Clínica del CES,-75.5653877,6.2575492
hospital,,-75.5611069,6.2615485
police,CAI La Milagrosa,-75.5555878,6.235412
bank,Bancolombia Santillana,-75.572455,6.2018676
bank,Helm Bank,-75.5717745,6.2065235
bank,Davivienda,-75.5739532,6.1970266
bank,BBVA,-75.5737815,6.1970373
bank,Bancolombia,-75.5751226,6.2287734
bank,Bancolombia,-75.5742482,6.1965626
bank,Bancolombia,-75.5746989,6.1989732
bank,Banco Pichincha,-75.5771533,6.1902118
place_of_worship,Rosa Mística,-75.576075,6.1936197
bank,Bancolombia,-75.5697789,6.2120447
school,I. E. José Horacio Batancur,-75.6275332,6.2749593
school,Escuela José de San Martín,-75.5627594,6.2371266
school,Escuela Divino Salvador,-75.5622015,6.2387903
nightclub,Baranova Discoteka,-75.6350364,6.2789461
nightclub,Discoteca Camelot,-75.6350594,6.2789961
place_of_worship,Iglesia San Lucas,-75.5629075,6.1791315
hospital,Clínica Conquistadores,-75.5828719,6.2408113
hospital,Centro Médico Nueva Vida,-75.5842167,6.2840212
place_of_worship,Iglesia Nuestra Señora del Santisimo Sacramento,-75.5461252,6.2344263
pharmacy,,-75.560866,6.2776153
place_of_worship,Iglesia del Padre Marianito,-75.5565314,6.2144588
pharmacy,Famacia Zuluar,-75.6015366,6.2256982
police,Estacion de Policia Laureles,-75.5950112,6.2480192
community_centre,Corporación construyendo,-75.5820653,6.2944196
clinic,Serad,-75.561627,6.260079
community_centre,Corporación picacho con Futuro,-75.5822971,6.3084326
pharmacy,,-75.5622511,6.1863772
place_of_worship,Parroquia San Alberto Magno,-75.5420568,6.2272682
police,Estación de Policía Buenos Aires,-75.5399226,6.2313275
place_of_worship,Parroquia San Joaquín y Santa Ana,-75.5452293,6.2306293
hospital,Centro de Salud Loreto,-75.5559039,6.2331177
school,Institución Educativa Loreto,-75.5596332,6.2315989
place_of_worship,Parroquia La Visitación,-75.5653331,6.1962132
bus_station,,-75.5358527,6.2685204
bank,Bancolombia Unicentro,-75.5862968,6.2408761
bank,Banco de Bogota Unicentro,-75.5864629,6.2406042
bank,Bancolombia,-75.5693157,6.2503327
school,Institucion Educativa La Milagrosa,-75.5545255,6.2351895
school,Vereda la Suiza,-75.7046176,6.3210191
school,Escuela Sanvicente de Paul,-75.5783912,6.2778686
hospital,Saludcoop Laureles,-75.5929633,6.2436264
clinic,Centro de Salud - Pinares de Oriente,-75.5405223,6.2432923
school,Escuela empresarial de educación - Esfuerzos de Paz,-75.5347731,6.2381052
public_building,UVA - Pinares de Oriente,-75.5408153,6.2438705
place_of_worship,IE Jaqueline Kennedy,-75.5960019,6.2222626
place_of_worship,Iglesia Belén San Bernardo,-75.5947385,6.2249379
place_of_worship,Ermita del Padre Marianito,-75.5481987,6.2260093
hospital,Instituto Neurológico de Colombia,-75.5633689,6.2522767
school,Escuela de Criptomonedas,-75.5624256,6.2368785
school,Escuela de Música El Limonar,-75.6397622,6.1771574
school,,-75.6358533,6.174765
place_of_worship,Capilla Jesús de Nazareth,-75.5630962,6.2273921
place_of_worship,Parroquia San Gabriel de la Dolorosa,-75.5898171,6.2005493
police,CAI Guayabal,-75.5873046,6.2035477
place_of_worship,Santa Maria de la Sierra,-75.5273406,6.2341585
bank,Banco de Bogotá,-75.5856351,6.2584586
nightclub,Casino Julián,-75.6299927,6.2539467
place_of_worship,Iglesia las Buenaventuranzas 20 de Julio,-75.6215426,6.2505845
place_of_worship,Parroquia Nuestra Señora del Carmen,-75.6160501,6.2563188
police,Escuela de Policía Carlos Holguín Mallarino,-75.5631917,6.3062295
school,La Inmaculada Colegio Femenino,-75.5977692,6.2169125
bus_station,La Sierra 103,-75.5255196,6.2353946
police,,-75.5253481,6.2356684
place_of_worship,Parroquia Madre del verbo Divino,-75.5842392,6.2473404
pharmacy,Droguería La Floresta,-75.5998849,6.2562653
place_of_worship,Iglesia Adventista de Séptimo Día,-75.58963,6.2096354
place_of_worship,Iglesia Cristiana,-75.5963829,6.227218
police,CAI,-75.5839059,6.2838569
nightclub,Discoteca Yambao,-75.5986118,6.2092383
bank,Banco de Bogotá,-75.6023316,6.2471142
bank,BBVA,-75.6024751,6.2449865
pharmacy,Farmacia de la Mona,-75.5412015,6.2907617
place_of_worship,Virgen de La Esperanza,-75.5415288,6.2905498
school,Escuela La Hermana Cira,-75.5367682,6.2966804
police,CAI,-75.5375803,6.2951049
place_of_worship,,-75.6185365,6.2523713
place_of_worship,,-75.5971449,6.2638335
community_centre,Corporación Camino al Progreso,-75.5662879,6.3004357
pharmacy,Farmacia San Gregorio,-75.6094015,6.2595222
pharmacy,Farmacia San Jeronimo,-75.6088257,6.2607582
place_of_worship,Iglesia Adventista Del 7mo Dia,-75.6074885,6.2599472
place_of_worship,Cristo - Monumento,-75.5910106,6.2068966
community_centre,Centro Cultural Casa Vivero,-75.5402809,6.244034
bank,Bancolombia Noel ATM,-75.5848096,6.2085871
hospital,Universidad Pascual Bravo,-75.5875358,6.2749027
bank,BBVA Cajero Depositario Puerto Seco 2,-75.5865102,6.2151526
nightclub,Sampues,-75.5681733,6.2105158
place_of_worship,Parroquiea Nuestra Señora de La Macarena,-75.5451251,6.2926242
place_of_worship,Misión Luterana Emaús,-75.5843933,6.2480832
community_centre,Centro Comunitario para La Sierra y Villa Turbay,-75.5283284,6.2349759
school,Institución educativa Escuela Normal Superior de Medellín,-75.5491013,6.255559
university,Facultad de Medicina Universidad de Antioquia,-75.5663929,6.2612647
clinic,IPS Universitaria - Clínica León XIII Edificio 1,-75.5645988,6.2667051
bank,Bancolombia Ruta N,-75.5669402,6.2648484
clinic,IPS Universitaria Clínica León XIII - Bloque 2,-75.5639427,6.2665867
clinic,IPS Universitaria - Sede Prado,-75.5653804,6.2611556
bank,,-75.6023294,6.2873277
bank,san pablo,-75.5428836,6.2935378
place_of_worship,Casa Cural,-75.545307,6.2924745
marketplace,La Placita #2,-75.5435244,6.2911888
bank,Bancolombia,-75.579041,6.1995352
place_of_worship,Iglesia Cristiana Palabra de Vida,-75.5846278,6.248543
place_of_worship,Gruta María Auxiliadora,-75.5736566,6.30009
place_of_worship,Gruta María Auxiliadora,-75.5745388,6.3000685
school,Gabriel gracia Marqués,-75.5337895,6.2362791
school,politécnico mayor,-75.5607024,6.2474575
school,villa Turbay,-75.5302745,6.2355967
place_of_worship,Gruta,-75.5744215,6.3010453
bank,Cajero bancolombia,-75.6138495,6.25829
clinic,Salvador,-75.5606633,6.2379305
school,CENTRO CULTURAL AUSTRÍACO,-75.6012289,6.2294784
school,Escolme,-75.5607402,6.2460418
bus_station,José María Córdova (MDE) Airport Bus,-75.5671965,6.2528597
place_of_worship,Gruta,-75.5738,6.3010973
place_of_worship,Gruta,-75.5701236,6.3031581
place_of_worship,Gruta,-75.5723243,6.3024551
place_of_worship,Gruta,-75.5718648,6.3023958
place_of_worship,Gruta,-75.5730193,6.3046667
place_of_worship,Gruta,-75.5689662,6.3039608
place_of_worship,Gruta,-75.5691456,6.3060667
place_of_worship,Gruta,-75.5682353,6.3083709
place_of_worship,Gruta,-75.5697269,6.310789
place_of_worship,Maria Auxiliadora,-75.5783816,6.3099842
place_of_worship,Maria Auxiliadora,-75.5703694,6.3069061
place_of_worship,Maria Auxiliadora,-75.5669469,6.3076279
clinic,hermanitas hospitalarias del sagrado corazón,-75.5619578,6.2594164
school,Colegio Agustiniano de San Nicolás,-75.5554636,6.2851713
place_of_worship,Iglesia San Nicolás,-75.5557605,6.2851374
place_of_worship,Capilla Jesús de Nazareth,-75.5630447,6.2272442
pharmacy,Pasteur,-75.5709459,6.2090114
pharmacy,Droguería El Poblado,-75.5705545,6.2098991
place_of_worship,Maria Auxiliadora,-75.5706465,6.3064876
place_of_worship,Maria Auxiliadora,-75.5704188,6.3067291
school,Colegio Maestro La Sierra,-75.5267168,6.2364853
hospital,Fundación Hogar Claret,-75.5274183,6.2395446
cinema,Colombo Americano,-75.5627237,6.2497341
place_of_worship,Iglesia pentecostal,-75.5397526,6.29392
place_of_worship,birjen,-75.539675,6.293936
place_of_worship,virgen,-75.5398095,6.2938237
hospital,basurero,-75.5396995,6.2937784
hospital,,-75.5385274,6.2933251
school,Politécnico mayor,-75.560921,6.249582
bank,Edificio DHL DANZAS,-75.577179,6.1896185
school,Nueva Lengua Medellin,-75.561299,6.2126488
place_of_worship,Escuela Bíblica Católica Yeshua,-75.5990438,6.26156
nightclub,Imperatum,-75.587962,6.2523197
nightclub,Salsarengue,-75.5878446,6.2526985
cinema,Royal films,-75.570411,6.2292255
police,Estación de Policía Castilla,-75.5623234,6.3047613
college,Politecnico Gran Colombiano,-75.5973065,6.2682666
school,Institución Educativa Ramón Múnera Lopera,-75.5434162,6.2697174
place_of_worship,Funeraria la Paz,-75.5781443,6.2553593
school,Colegio Pablo VI,-75.5443156,6.2706447
school,Institución Educativa Dinamarca,-75.572969,6.2826053
school,Institución Educativa María Montessori,-75.5750424,6.2868738
place_of_worship,Nuestra Señora de Las Lajas,-75.5753535,6.2867191
pharmacy,Barichara,-75.6507209,6.1758287
pharmacy,Pasteur,-75.5760871,6.212652
university,Universidad de Antioquia Sede Posgrados,-75.5847436,6.1977297
school,ATEC,-75.5634681,6.2435549
school,Instituto Ferrini,-75.5627034,6.2446418
place_of_worship,UniVERSIDAD adventista de colombia,-75.6089845,6.2409757
school,,-75.5673283,6.2075146
pharmacy,Pasteur,-75.5722128,6.1998211
clinic,Remy ips Medellín,-75.5637284,6.2577427
place_of_worship,Iglesia Nuestra Señora la Asunción,-75.5562058,6.2904903
bank,Banco Occidente,-75.5741334,6.1990911
school,"Portería, Escuela Mudos y Sordos",-75.5591026,6.2797125
nightclub,15 Minutos de fame,-75.565941,6.2077103
bus_station,Antigua terminal de buses flota La Milagrosa,-75.5608428,6.2301283
clinic,Coomeva EPS,-75.5913111,6.2296276
community_centre,seminario,-75.5409628,6.2427158
community_centre,UVA de la armonia,-75.5498252,6.2717158
community_centre,UVA el Encanto,-75.5745542,6.3052752
community_centre,UVA de los Suenos,-75.5422316,6.2636351
community_centre,UVA La Avanzada,-75.5382703,6.2950475
community_centre,UVA de la Cordialidad,-75.5463019,6.2987709
community_centre,UVA los Guayacanes,-75.6013692,6.2838647
community_centre,UVA de la Esperanza,-75.5449251,6.2870774
community_centre,UVA de la Armonia,-75.5461207,6.2748455
community_centre,UVA de la Imaginacion,-75.5557524,6.2528126
pharmacy,Drogueria Cosmos,-75.5564614,6.2695916
police,Distrito Militar #27,-75.5487088,6.2345544
hospital,IPS Comfama SURA,-75.5645554,6.2456545
clinic,,-75.5763702,6.2184873
pharmacy,Pasteur,-75.6559023,6.1840242
pharmacy,Vida Sana,-75.5823864,6.2554749
bus_station,Don Darío Moto,-75.558255,6.2935824
place_of_worship,Parroquia Maria Madre de la Esperanza,-75.5377599,6.2896172
place_of_worship,Iglesia MMM caicedo,-75.5340677,6.2324046
place_of_worship,Iglesia fe y esperanza,-75.6067214,6.2812791
pharmacy,,-75.6069088,6.2813102
clinic,OFEX,-75.6007042,6.2381215
bank,Cajero bancolombia,-75.6143169,6.257577
nightclub,Donde Robin,-75.6337745,6.2786471
pharmacy,Drogas Cálidad,-75.5649196,6.252002
school,Institución Educativa Alfonso Mora Naranjo,-75.5572185,6.2712273
place_of_worship,Plaza de Botero,-75.5684403,6.2520181
hospital,HOSPITAL,-75.56986,6.244572
place_of_worship,Parroquia de la sabiduría,-75.5398553,6.2694309
community_centre,CEDEZO,-75.6132539,6.2553614
bank,Avvillas,-75.5608707,6.286041
place_of_worship,Iglesia Alianza Medellín - Sendas de Luz,-75.5676544,6.2430076
place_of_worship,Iglesia Alianza Popular,-75.5456046,6.3022964
school,Colombia Immersion – Laureles,-75.598038,6.2538309
school,Colombia Immersion,-75.5980777,6.2537341
pharmacy,,-75.6214847,6.2501804
pharmacy,,-75.6219948,6.2518082
bank,Banco Colombia,-75.5943766,6.24389
pharmacy,,-75.6033773,6.2505275
clinic,Clínica Laser De Piel,-75.587777,6.2406067
bank,Banco de Bogotá,-75.5973264,6.261323
pharmacy,,-75.5972289,6.2616812
pharmacy,Drogueria,-75.6031542,6.2566145
pharmacy,Drogas Farma Exito,-75.5983699,6.247158
pharmacy,Drogas La Economia,-75.5708522,6.2108311
school,Toucan Spanish School,-75.5691181,6.2101483
nightclub,,-75.5677923,6.209546
pharmacy,,-75.5692021,6.2101603
pharmacy,,-75.57468,6.2126608
nightclub,,-75.5816661,6.2393093
pharmacy,D1 Farma,-75.6032045,6.2537776
pharmacy,,-75.603672,6.2576252
bank,Banco Popular,-75.5937852,6.2437379
pharmacy,,-75.6051363,6.2488061
pharmacy,,-75.5674359,6.2095156
pharmacy,,-75.5715389,6.2110575
hospital,San Esteban IPS,-75.6361794,6.2782437
bank,Cajero Automatico Bancolombia,-75.6362119,6.2783063
hospital,Centro de Medicina Familiar,-75.6358643,6.277878
place_of_worship,Casa de sandris,-75.6400794,6.2801408
place_of_worship,Movimiento Misionero Mundial central Medellín,-75.5668263,6.2440428
place_of_worship,,-75.4980335,6.2103195
police,,-75.6559997,6.1849322
cinema,Royal Films,-75.5650868,6.2685947
nightclub,Son Havana,-75.5920146,6.2502302
place_of_worship,Iglesia emanuel,-75.6256966,6.279049
school,Serbal centro de bienestar,-75.5552671,6.2509737
school,,-75.56794,6.2104374
school,,-75.6024927,6.2388775
school,,-75.5757579,6.2372396
pharmacy,Droguería Alemana,-75.5967012,6.2328807
school,,-75.5655965,6.206552
bank,Bancolombia,-75.5942272,6.2436928
school,Rumba y Salsa Medellín,-75.6003791,6.2495135
school,Red Escuela Música de Medellín-Campoamor,-75.5849321,6.2131195
school,Institución Educativa José Asunción Silva,-75.5623301,6.3109608
school,Escuela Porfirio Barba Jacob,-75.5563959,6.2689585
school,Institución educativa Bravo Marquez,-75.557281,6.2657377
college,IE. Francisco Luis Hernández Betancourt,-75.558836,6.2796804
school,Instución Educativa Octavio Calderón Mejía,-75.5848449,6.2149011
pharmacy,Droguería Belén No. 3,-75.5985927,6.225219
university,Universidad Cooperativa de Colombia,-75.5611222,6.2465906
hospital,Metrosalud La cruz,-75.5367787,6.2700968
place_of_worship,Templo Comedor Santa Cruz de la Misericordia,-75.53735,6.2698089
nightclub,Discoteca,-75.5371168,6.2712404
place_of_worship,Parroquia Misionera Infancia de Jesus,-75.5371141,6.2714937
pharmacy,Punto de Salud,-75.5363906,6.2702686
community_centre,Salón Comunal Altos de la Cruz,-75.5377676,6.2710951
community_centre,Centro Vida Gerontológico,-75.5375145,6.2699233
pharmacy,Farmacia Central,-75.5376808,6.2715977
place_of_worship,,-75.5384438,6.2692968
school,Escuela Sección Alto de La Cruz,-75.5381542,6.2713844
clinic,Instituto de cancerologia,-75.57985,6.1936838
place_of_worship,Virgen,-75.6244352,6.2465983
place_of_worship,Virgen,-75.6213158,6.2468249
place_of_worship,Virgen del Carmen,-75.6224933,6.2443199
pharmacy,La polar,-75.6567402,6.18467
school,Colegio Parroquial Emaús,-75.5491378,6.2867715
school,Institución Educativa Villa Guadalupe,-75.5499518,6.2869263
school,Escuela Agripina Montes del Valle,-75.5503131,6.2863792
community_centre,IDMJI San Diego,-75.5714972,6.2340817
community_centre,IDMJI Caribe,-75.5726912,6.2738689
community_centre,,-75.5725629,6.2106304
bank,Sede Bancolombia Plaza mayor,-75.5758126,6.2432402
police,Estacion Policia de Turismo,-75.575902,6.2452836
bank,Davivienda,-75.5720474,6.2444696
bank,Bancolombia- sotano,-75.5738242,6.2445214
pharmacy,,-75.6110031,6.2492579
pharmacy,La enfermera,-75.6577188,6.1848329
bank,Banco de Bogotá,-75.6562778,6.1846255
school,FORMARTE UDEA,-75.5626831,6.261582
place_of_worship,Virgen María,-75.5670301,6.3123207
school,Instituto cultural Alexander Von Humboldt,-75.5971879,6.2600085
community_centre,Estación Forestal Piedras Blancas UN,-75.5047763,6.2590483
place_of_worship,Iglesia Cristiana Monte del Rey,-75.575591,6.2136384
food_court,Tostao,-75.5760999,6.2126132
hospital,Drogueria Dallas,-75.5423047,6.2668654
place_of_worship,SAN SEBASTIAN,-75.5421079,6.2663233
bus_station,COOTRACOVI,-75.5417602,6.2633069
place_of_worship,Cenfol Floresta,-75.6031541,6.2560985
pharmacy,La rebaja plus,-75.5822646,6.2559345
school,CI Manrique Versalles Las Mercedez 1,-75.5435559,6.2619072
place_of_worship,Iglesia,-75.5438392,6.2659038
school,Elefun spanish school,-75.5893265,6.251652
marketplace,Mercado la 30,-75.5430462,6.2655663
pharmacy,,-75.5446566,6.2659937
pharmacy,Pasteur,-75.5797323,6.2549316
pharmacy,Droguería Torrenza,-75.5817885,6.2557254
bank,Banco AV Villas,-75.5632004,6.248326
bank,Banco de Occidente,-75.5658317,6.2494138
bank,Banco Popular,-75.5651128,6.2490246
pharmacy,Drogueria Estación Acevedo,-75.5566531,6.3011729
bank,Banco Caja Social,-75.5963995,6.2330507
clinic,Suxi Medical,-75.5937655,6.238882
place_of_worship,Iglesia Renaciendo en Cristo,-75.5962037,6.2340799
pharmacy,Drogueriai Azucena,-75.5569938,6.2993214
bank,Banco de Occidente,-75.5749642,6.2230091
place_of_worship,Salón del Reino de los Testigos de Jehová,-75.5527881,6.2969433
school,Santa Teresa,-75.5563859,6.3017182
bank,Banco de Occidente,-75.5723736,6.2006962
school,Pablo Neruda,-75.5600005,6.2908647
place_of_worship,Jesucristo es el Señor,-75.5486816,6.2828971
pharmacy,Droguería Maxi Salud,-75.5583067,6.2914686
pharmacy,Droguería Provital,-75.5453825,6.2892117
place_of_worship,Ministerio Verdad y Vida Iglesia Cristiana,-75.5452913,6.2890531
pharmacy,Droguería Maravilla,-75.5603184,6.2833504
pharmacy,Droguería Nueva Vida,-75.5583952,6.2716501
place_of_worship,,-75.5536316,6.2763158
place_of_worship,Iglesia Cristiana Casa del Mesias,-75.553578,6.2734977
place_of_worship,Iglesia Cristiana Rey de Paz,-75.5535297,6.2735137
bank,Bancompartir,-75.5964598,6.2343905
bank,Bancolombia,-75.5820094,6.2175656
hospital,Lineas Hospitalarias,-75.5862165,6.2391753
pharmacy,Droguería Yamille,-75.5643927,6.2641674
school,José Roberto Vasquez,-75.5501635,6.2687279
pharmacy,Droguería Parque Gaitan,-75.5480888,6.264526
place_of_worship,Iglesia Cristiana Cuadrangular,-75.5783898,6.2262721
pharmacy,Dogueria Droxi,-75.5852851,6.2265741
pharmacy,Dogueria la Ahorradora,-75.5855258,6.2263961
pharmacy,Drogueria Fundaderes,-75.5832097,6.2267121
pharmacy,Metro Farma La 45,-75.5547152,6.2687159
place_of_worship,Vientos de Paz,-75.5511922,6.2646354
pharmacy,Droguería Hidalgo,-75.5464232,6.2656245
pharmacy,Droguería Pentel,-75.5485703,6.2636489
place_of_worship,Primera Iglesia Bautista,-75.5607636,6.2533426
pharmacy,Droguería Albania,-75.5615884,6.2572446
clinic,,-75.5946754,6.2391321
clinic,,-75.5991632,6.2595678
bank,Banco de Bogotá,-75.5750933,6.196687
bank,Bancoomeva,-75.5739353,6.1991696
bank,Citibank,-75.5724648,6.2025334
bank,Bancolombia,-75.5864176,6.2053905
bank,Corficolombiana,-75.5774657,6.1903166
place_of_worship,,-75.5627364,6.2614839
pharmacy,Farmaster,-75.5649988,6.2469222
school,Corporación Educativa Tecnometropolis,-75.5612639,6.2522241
school,Mundo de los Niños,-75.5553697,6.2461103
bank,Banco de Occidente,-75.5803451,6.2177829
bank,Banco de Bogotá,-75.6050737,6.2510389
pharmacy,Droguería Sosalud,-75.6207673,6.2457424
pharmacy,Drogas el Huequito,-75.6030057,6.2556489
pharmacy,Surtifarmax,-75.60386,6.2510016
pharmacy,Droguería,-75.605181,6.2576152
pharmacy,,-75.6046593,6.2600215
pharmacy,Droguería Metro Avenida,-75.6141342,6.2583164
pharmacy,La Relief Drogueria,-75.5905589,6.2002135
pharmacy,Droguería La Promocion,-75.6035663,6.2385127
pharmacy,Droguería La 84,-75.6052454,6.2487233
pharmacy,Drogería Farmasur Medellín,-75.5911531,6.1953704
bank,Banco de Bogotá,-75.5849947,6.2581245
bank,Banco Caja Terminal,-75.5820215,6.2563834
bank,Banco de Occidente,-75.5832647,6.2569413
bank,Citibank,-75.6005649,6.238646
pharmacy,Droguería Alemana,-75.6023821,6.2342732
bank,Banco de Bogota,-75.5695331,6.2242103
bank,Banco de Occidente,-75.5695532,6.2236197
bank,Banco de Occidente,-75.5699301,6.2340586
college,Colegio La Anunciacion,-75.5486709,6.2321788
bank,Banco AV Villas,-75.5631736,6.2523174
bank,Banco de Española,-75.56266,6.2532093
bank,Bancolombia,-75.5653328,6.208817
pharmacy,Droguería Alemana,-75.5675107,6.2095749
school,Academia De Idiomas SMART,-75.5684562,6.2099742
pharmacy,Farma Fast,-75.5692294,6.2102535
pharmacy,MundoFarma,-75.5735061,6.2118927
bank,Banco Caja Social,-75.5673324,6.2092849
clinic,Clínica De Oncología Astorga,-75.5731943,6.2097609
nightclub,,-75.583589,6.2574614
pharmacy,Droguería Prosperidad,-75.5826592,6.2919511
pharmacy,Droguería Famidrogas M.R.,-75.5750028,6.299448
pharmacy,Droguería Las Ángeles,-75.5756559,6.2983096
pharmacy,Universo Droguería,-75.5775952,6.2957442
pharmacy,Droguería La 76,-75.5790824,6.2976184
pharmacy,Tienda Maria Hoyos,-75.5423417,6.264158
bank,BBVA,-75.564284,6.2492459
school,I.E Enrique Olaya Herrera,-75.5448641,6.2663727
hospital,centro de salud raizal,-75.5447521,6.2666715
bank,BBVA,-75.5689967,6.2501071
bank,Banco de Bogota,-75.5724514,6.2516295
bank,Bancolombia,-75.5723655,6.2515922
pharmacy,Farma Vida,-75.5610363,6.2634752
pharmacy,Droguería Fharmaya,-75.5684026,6.2987255
pharmacy,Droguería Max Discuentas 2,-75.5693514,6.2929815
pharmacy,Droguería Lider Medellín,-75.5679721,6.3054798
clinic,Consultorio Medico,-75.5676609,6.3087776
bank,Bancolombia,-75.5689658,6.3065156
pharmacy,Farmacenter,-75.5683824,6.3073453
pharmacy,Droguería Boyacá,-75.567732,6.308747
pharmacy,Farmafacil,-75.5689486,6.2642538
bank,Banco de Bogota,-75.5682725,6.2544984
bank,Banco de Bogota,-75.5754192,6.2493752
pharmacy,Cruz Roja,-75.5772281,6.228108
place_of_worship,Iglesia Cristiana,-75.5927321,6.2305024
place_of_worship,Parroquia Maria Madre Admirable,-75.6044044,6.2257106
community_centre,Sede Social Villa de Aburra,-75.6060398,6.2367168
place_of_worship,Parroquia Santo Cura de Ars,-75.6075832,6.2312436
community_centre,Cancha de futbol Los Alpes,-75.6070672,6.2305512
school,Escuela Republica de Venezuela,-75.6145271,6.2346629
police,Inspeccion de Policia 16a,-75.5959597,6.232855
bank,Bancolombia,-75.5965299,6.2328892
bank,Banco de Bogota,-75.5958243,6.2321763
school,IE Rosalia Suarez,-75.597086,6.2326536
school,IE Yermo y Parres,-75.5974456,6.2291526
school,Escuela San Pablo,-75.6213594,6.2361174
police,Cai La Castellana,-75.6083895,6.238198
pharmacy,Drogas la Rebaja,-75.6002378,6.2426896
bus_station,Santra Belen,-75.6076647,6.2339528
place_of_worship,Iglesia Cristiana,-75.6057779,6.2318546
bus_station,Parqueadero Circular Coonatra,-75.6192484,6.2359444
community_centre,Accion Comunal Las Violetas,-75.6147973,6.2346039
police,CAI,-75.5451596,6.1771129
pharmacy,Drogueria,-75.5527576,6.3004554
pharmacy,Drogueria Los Socios,-75.5512324,6.2999195
pharmacy,Drogueria,-75.5496335,6.2996782
pharmacy,Drogueria,-75.5487932,6.3002936
pharmacy,Versalles Droguería,-75.5714274,6.2938533
pharmacy,Farma Paisa,-75.5707549,6.2934888
pharmacy,Droguería el Descanso,-75.5728222,6.2941773
pharmacy,Droguería Maracana,-75.5766108,6.2913399
bank,PAC Bancolombia,-75.6069669,6.2385852
bank,PAC Bancolombia,-75.6095534,6.2345813
school,Escuela primaria Beato Salomón,-75.5495872,6.2438408
school,Rodrigo Lara Bonilla,-75.5406161,6.2639097
pharmacy,Droguería San Jose,-75.5858671,6.2465029
school,Centro infantil sol solecito,-75.5418387,6.2651344
cinema,,-75.6233366,6.2536678
nightclub,,-75.5688658,6.2096282
nightclub,,-75.5896101,6.249491
nightclub,,-75.5607207,6.2528837
nightclub,,-75.590646,6.2597388
school,Institucion Educativa Presbitero Antonio Jose Bernal,-75.5594198,6.3016381
nightclub,Taberna Bongo,-75.5879255,6.2524343
university,Escuela Superior de Criminología -ESUC,-75.5653166,6.2461615
university,,-75.5653166,6.2461615
university,Facultad Nacional de Salud Pública,-75.5672451,6.2608192
bank,Bancamia,-75.5917128,6.2497375
pharmacy,Drogas Estación Prado,-75.5665371,6.2571533
hospital,Hospital Pablo Tobón Uribe,-75.5797294,6.2775693
school,Institución Educativa La Candelaria,-75.5422824,6.2935413
community_centre,JAC Santo Domingo Savio No 1,-75.5435821,6.2949973
place_of_worship,Parroquia Santo Domingo Savio,-75.5437233,6.2951957
community_centre,"UVA ""Nuevo amanecer""",-75.5382703,6.2950475
school,Institución Educativa Sagrada Familia Aldea Pablo VI,-75.5419261,6.2881704
school,Institución Educativa Antonio Derka,-75.5389662,6.2970964
school,Institución Educativa Antonio Derka-Santo Domingo,-75.5384034,6.2977015
marketplace,China Town,-75.5881887,6.2493711
clinic,Sura Aguacatala ARL,-75.5785398,6.1960044
bank,Banco Pichincha,-75.5668171,6.249256
pharmacy,Droguería La Rebaja,-75.6007758,6.245198
bank,Cajero Automatico de Criptomonedas,-75.5700881,6.2291305
bank,Cajero Automatico de Criptomonedas,-75.5584147,6.1970555
bank,Cajero Automatico de Criptomonedas,-75.5765465,6.2144445
cinema,"Cinemas Procinal, C.C. Florida",-75.576459,6.2710082
pharmacy,Droguería Almería,-75.6129704,6.2442334
bank,Davivienda,-75.5976456,6.2153887
bank,Colpatria,-75.5986239,6.2172883
bank,Banco GNB Sudameris,-75.5643218,6.2494986
bank,BBVA,-75.5632546,6.2488126
bank,Itaú,-75.5643699,6.2494047
bank,Itaú,-75.5633985,6.2510822
bank,Davivienda,-75.5630004,6.2510684
nightclub,,-75.5659827,6.2097126
bank,Banco de Bogotá,-75.5644243,6.2468707
bank,Bancolombia,-75.5664425,6.2463813
bank,Bancolombia,-75.5633138,6.248516
school,SENA,-75.5645879,6.2446724
school,Bellas Artes,-75.5627975,6.2459322
bank,Bancolombia,-75.5495295,6.3036407
place_of_worship,Centro de fe y esperanza cede cebtral,-75.5663066,6.2657034
community_centre,Acción comunal sede picacho,-75.582576,6.3035239
nightclub,,-75.5823033,6.3037628
nightclub,,-75.5819952,6.3039358
bank,Athena Bitcoin ATM,-75.5764194,6.2143223
bank,Athena Bitcoin ATM,-75.5655895,6.1984296
place_of_worship,Iglesia del Pilar,-75.5644986,6.2396805
nightclub,Dulce Jesús Mío,-75.5653181,6.2230519
bank,Athena Bitcoin ATM,-75.567942,6.2093133
cinema,Cinemarket,-75.5780141,6.1868123
bank,Citibank,-75.5719858,6.2070826
bank,Popular,-75.571792,6.2070576
bank,,-75.5701965,6.2127512
pharmacy,,-75.601714,6.2268192
pharmacy,Drogeria Espicifica,-75.5717493,6.2120866
pharmacy,Drogueria La Cordobesa,-75.5828347,6.2914699
pharmacy,,-75.570751,6.2131658
community_centre,,-75.570406,6.2132519
community_centre,Casa de la cultura El Poblado,-75.570586,6.213153
school,Centro Educativo Permanente Mazo,-75.50028,6.2516394
bank,Bbva,-75.5969177,6.262763
bank,Bbva,-75.5967404,6.2626339
bank,Bbva,-75.5702071,6.2296749
community_centre,Casa Kolacho,-75.6158644,6.2577121
police,Estación de Policia Candelaria,-75.5733727,6.2500138
nightclub,Salon Amador,-75.5657882,6.2092671
bank,Banco Caja Social,-75.6039037,6.2505559
bank,Banco BBVA,-75.5729634,6.247537
bank,Banco BBVA Guayaquil,-75.572986,6.2475431
school,Centro Catalina,-75.5721351,6.208789
community_centre,Bodega comfama,-75.5720658,6.2348987
bank,,-75.5687716,6.2488156
clinic,Salud en casa EPS Sura,-75.5982253,6.2521768
bank,BBVA,-75.5882883,6.215652
bank,Banco Colpatria,-75.6020109,6.2467233
bank,Bancolombia,-75.6018545,6.2466503
bank,Banco,-75.602108,6.2467115
bank,Davienda,-75.6017527,6.2466126
pharmacy,,-75.5444098,6.2678716
place_of_worship,Las Victorias,-75.5534636,6.2978992
pharmacy,,-75.5541853,6.2977507
pharmacy,,-75.55461,6.2975903
pharmacy,CAFAM,-75.5744912,6.2222699
pharmacy,,-75.5615071,6.2725766
pharmacy,,-75.5444525,6.2665136
pharmacy,Farmacia Sol y Vida,-75.5412716,6.2947617
pharmacy,,-75.584128,6.2037716
pharmacy,Farmacenter la 67,-75.5655125,6.3072283
clinic,Centro medico a 67,-75.5654367,6.3073649
pharmacy,Droguería Grecia,-75.5900925,6.282049
pharmacy,,-75.5665821,6.2969386
bank,Bancamia,-75.5957128,6.2322566
bank,Bancolombia,-75.5960951,6.2320255
marketplace,Mercados Pachacho.,-75.5812726,6.2867419
pharmacy,droguería La Rebaja,-75.5961526,6.2323655
bank,Davivienda,-75.5961576,6.2324701
hospital,POLICLINICA,-75.5656482,6.2639684
hospital,Hospital San Vicente Fundacion,-75.5643834,6.263803
pharmacy,Drogueria Amiga,-75.5647289,6.2607331
university,Facultad de Odotologia,-75.5674925,6.261729
university,Facultad de Enfermeria,-75.5680779,6.2619061
pharmacy,,-75.5446337,6.265182
pharmacy,Farmacia Pastur,-75.6037834,6.2193535
school,Paleta de colores,-75.6017626,6.2234501
nightclub,Discoteca,-75.5432196,6.2652221
place_of_worship,,-75.5439366,6.2669906
school,Colegio Santa Maria Fe y Alegria,-75.540973,6.2980232
pharmacy,,-75.6060247,6.2315817
clinic,Dinámica IPS,-75.6050767,6.23375
pharmacy,La botica Junin,-75.5961072,6.2316557
bank,Banco w,-75.5964849,6.2320862
pharmacy,La Rebaja,-75.5965819,6.2320917
bank,Banco Popular,-75.595743,6.2332237
bank,BBVA,-75.5959329,6.233035
pharmacy,MediPlux,-75.5948317,6.2320755
bank,JFK,-75.5957583,6.2315889
bank,Cofinep,-75.5958291,6.2316088
pharmacy,,-75.5934118,6.2658497
pharmacy,,-75.5932904,6.2660306
pharmacy,,-75.593253,6.2657594
pharmacy,Farmacenter,-75.6092893,6.2223971
pharmacy,,-75.5964375,6.2344637
school,Escolarte,-75.5980998,6.2615231
clinic,SURA Comfama,-75.5971144,6.2641273
police,CAI,-75.5916271,6.2678833
marketplace,,-75.5445636,6.26944
bus_station,punto parade de buses,-75.5447836,6.268892
pharmacy,,-75.5824562,6.2739137
university,Universidad Nacional Sede del Río,-75.5739818,6.2638085
police,,-75.5741115,6.2648642
place_of_worship,Iglesia Comunidad Apostolica Misionera,-75.5725756,6.2954737
pharmacy,Drogueria Eufarma,-75.5708953,6.2948676
pharmacy,Drogueria Federal,-75.5743574,6.2947995
pharmacy,Drogueria San Judas,-75.5712605,6.2933447
place_of_worship,Ministerio Verdad y Vida,-75.5729551,6.2888501
place_of_worship,iglesia pentecostal unida de colombia,-75.6070238,6.2279645
pharmacy,Farmacia Pasteur,-75.5985852,6.2172606
pharmacy,SantaFarm,-75.5986396,6.2194149
pharmacy,Droguería Alemana,-75.597544,6.2152115
pharmacy,Droguería La Rebaja Plus,-75.5971354,6.2144214
pharmacy,Droguería y Variedades El Imperio,-75.6017507,6.2146891
pharmacy,Drogas Pharmax,-75.6019166,6.2118829
pharmacy,,-75.5695047,6.3092628
marketplace,,-75.5672181,6.3087843
food_court,,-75.5684037,6.268608
food_court,,-75.5684391,6.268119
clinic,IPS Universitaria,-75.5685643,6.2682175
pharmacy,,-75.6009114,6.2076589
clinic,Salud Visual San Diego,-75.5684574,6.2300922
place_of_worship,Parroquia San Anselmo,-75.5677122,6.2310226
pharmacy,Farmacia Pasteur,-75.6013918,6.2026756
pharmacy,,-75.6045547,6.2035255
pharmacy,Droguería River,-75.5490909,6.2870435
bank,Bancolombia,-75.5437363,6.2644814
bank,Banco de Bogotá,-75.5872783,6.2029277
bank,Banco Popular,-75.5881977,6.2053566
place_of_worship,Iglesia cristiana Wesleyana,-75.6100191,6.234675
place_of_worship,IPUC las violetas,-75.6116381,6.2338797
place_of_worship,Iglesia pentecostal unidad de colombia,-75.6117783,6.2340926
place_of_worship,Iglesia adventista del séptimo día EL EDEN,-75.608273,6.2357048
pharmacy,Drogueria Paseo de Sevilla,-75.5705318,6.2637893
place_of_worship,Iglesia movimineto misionero mundial,-75.5512876,6.3054539
pharmacy,Droguería Juanjo,-75.5617699,6.2713141
college,Institución Educativa Francisco Miranda Sección Julio Arboleda,-75.5626009,6.2727325
community_centre,Sede social Miranda,-75.5625691,6.27522
place_of_worship,Iglesia Cristo Sacerdote,-75.5636106,6.2747861
pharmacy,,-75.6009826,6.265215
pharmacy,,-75.6044273,6.2687247
school,,-75.6033296,6.2587302
pharmacy,,-75.6040183,6.2586672
pharmacy,,-75.603859,6.2585792
pharmacy,,-75.584092,6.2364588
pharmacy,,-75.5838573,6.2334289
police,policia metropolitana - laureles,-75.5893606,6.2562117
hospital,centro de ortopedia y traumatologia,-75.5912301,6.2587317
hospital,grupo de apoyo socorristas voluntarios de medellin,-75.590005,6.2576855
bus_station,,-75.5869691,6.2605058
bank,Cooperativa Confiar,-75.5978077,6.2593037
bank,Davivienda,-75.5976927,6.2599042
place_of_worship,Intima devoción,-75.5981946,6.2576341
pharmacy,Droguerua Cafarma,-75.5454084,6.2926529
clinic,Centro de salud Enciso,-75.550144,6.2507081
place_of_worship,"Parroquia, Nuestra Señora de Guadalupe",-75.5478282,6.2514596
school,I.E Camilo C. Restrepo,-75.5851642,6.2258732
place_of_worship,Iglesia Pentecostes Unida Internacional,-75.5845491,6.2258433
place_of_worship,,-75.5845671,6.2261191
pharmacy,Droguería Juan Pablo II,-75.5926084,6.2206148
pharmacy,Droguería Las Playas,-75.5945558,6.220468
place_of_worship,Iglesia Pentecostal Unida de Colombia,-75.5496101,6.2904173
college,Escuela Santa Cecilia 1,-75.5502037,6.2909699
school,Bienestar Familiar Pan Miraflores,-75.5440135,6.2351855
school,Colegio El Divino Salvador,-75.5481944,6.2371824
pharmacy,Droguería Cafam Exito Belén,-75.5965634,6.230379
place_of_worship,ASOCIACION DE ESTUDIOS KARDECIANOS - ASDEK,-75.5910133,6.2524453
police,,-75.5709737,6.2102053
university,Autonoma de las Americas. Sede B,-75.5963947,6.2408615
pharmacy,Droguería Master,-75.592762,6.2230153
place_of_worship,Capilla Nuestra Virgen del Rosario Virgen de La Piedra,-75.603302,6.2063014
place_of_worship,Parroquia San Bartolomé,-75.6029523,6.2127315
pharmacy,Mas Farma,-75.6100551,6.2237808
place_of_worship,Parroquia El Inmaculado Corazón de María,-75.5831406,6.2926911
school,Hogar Infantil Brisas de Robledo,-75.5862714,6.2909259
school,Colegio Barrio Santa Cruz,-75.5503826,6.2922736
pharmacy,Droguería California,-75.5491567,6.2866613
community_centre,Corporación Convivamos,-75.5487275,6.2864693
pharmacy,Droguería La Santillana,-75.5499667,6.2867493
community_centre,Centro Comunitario Mario Montoya,-75.5500509,6.2858478
school,I. E. Maria De los Angeles Cano Marques,-75.5467694,6.2941621
school,Colegio benedictinos,-75.5746353,6.1792542
place_of_worship,San Marcos,-75.5858987,6.175762
pharmacy,La Rebaja,-75.587976,6.1716836
pharmacy,Droguería Envigado la 43,-75.5886076,6.170216
school,Institución Educativa La Paz (Secundaria),-75.5938411,6.1621442
hospital,Clínica de la Policía,-75.5987776,6.1620713
school,Trianón Primaria (Institución Educativa La Paz),-75.5925175,6.1571192
school,Primaria La Paz (Institución Educativa La Paz),-75.5939766,6.1622927
school,Institución Educativa Manuel Uribe Angel,-75.5896314,6.1703461
school,Primaria Leticia Arango (Institución Educativa La Paz),-75.5942019,6.1632847
cinema,Teatro Envigado,-75.5887034,6.1699781
school,La Presentación,-75.5888912,6.1712634
school,Primaria John F. Kennedy (Institución Educativa La Paz),-75.5910369,6.1651407
place_of_worship,Iglesia de Alcalá,-75.5934724,6.1701434
place_of_worship,San José,-75.582486,6.1619301
hospital,Hospital Manuel Uribe Angel,-75.5801257,6.1666981
place_of_worship,María Reina de la Paz,-75.5939767,6.1646181
place_of_worship,Iglesia del Trianón,-75.5939553,6.159722
place_of_worship,Iglesia del Dorado,-75.5885696,6.1644983
hospital,Clínica Las Americas del Sur,-75.5835957,6.178764
place_of_worship,Primera Iglesia Bautista de Envigado,-75.5946682,6.1596027
police,Estación de Policia,-75.5874395,6.169708
place_of_worship,Santa Barbara,-75.5790379,6.1727007
place_of_worship,San Mateo,-75.5820957,6.171026
police,Las Cometas,-75.5771502,6.1695796
bank,Bancolombia,-75.5874092,6.1691947
pharmacy,,-75.5827644,6.1708415
pharmacy,Colsubsidio,-75.5846822,6.1699863
pharmacy,Akacias,-75.5823591,6.1733301
police,,-75.5374884,6.1549773
school,Colegio Pio V,-75.581369,6.1653964
bank,Bancolombia,-75.585188,6.1829873
place_of_worship,La Purísima Concepción,-75.5610433,6.1674033
university,Institución Universitaria de Envigado,-75.5806517,6.1589513
hospital,Clínica Santa Gertrudis,-75.5818312,6.1686318
place_of_worship,Parroquia Sagrado Corazón Jesús Señorial,-75.5979157,6.1598453
school,Colombia Immersion,-75.5886087,6.1649048
bank,Western Union Money Transfer,-75.5875555,6.1719043
bank,pagafacil efecty Western Union,-75.5880084,6.1689593
community_centre,Urbanización Mississippi de la Cuenca,-75.5974841,6.1539901
school,Colegio cumbres,-75.5728369,6.1678168
school,Colegio Avanzar,-75.5672689,6.1555436
school,Institución Educativa El Salado,-75.5774082,6.1521098
school,I.E Comercial de Envigado,-75.5848678,6.1535366
place_of_worship,Parroquia Santa Maria de Nazareth,-75.585381,6.153004
bus_station,Tax Individual,-75.5872678,6.1655713
school,Colegio Alcaravanes,-75.5366302,6.1509421
place_of_worship,Iglesia Convento Monjas Pasionistas,-75.5362106,6.1510792
cinema,Cinépolis,-75.5736606,6.1635581
bank,BBVA,-75.5900681,6.1765676
place_of_worship,La Niña María,-75.5802303,6.1842585
pharmacy,Dempos,-75.6001779,6.1627268
school,Cefit,-75.5835964,6.1651437
college,Cefit San mateo,-75.5807462,6.1706979
pharmacy,,-75.5808159,6.1659756
pharmacy,,-75.5816198,6.1660326
police,Estación de Policia Bello,-75.5503328,6.3355402
place_of_worship,Salón del Reino de los Testigos de Jehová,-75.5572624,6.3375457
place_of_worship,Gruta,-75.5726142,6.3133359
place_of_worship,Gruta,-75.570242,6.3137433
hospital,Clínica de Antioquia,-75.5562509,6.3335224
school,,-75.5534732,6.3316498
school,I.E Sagrado Corazón,-75.5566999,6.3332147
hospital,Bomberos Bello,-75.5531213,6.3318919
school,Institucion Educativa Liceo Antioqueño ''Sede Avenidas'',-75.5611386,6.3201476
school,Institución Educativa Marco Fidel Suárez,-75.5600668,6.3365446
clinic,Clínica emmsa,-75.542059,6.3389999
hospital,HOSPITAL,-75.56404,6.339078
school,Institucion educativa la union,-75.6214011,6.381294
bank,Banco de bello,-75.5612782,6.3390823
community_centre,IDMJI Bello,-75.5544323,6.3346038
school,Cluenza,-75.5494722,6.3366098
school,Institución Educativa Villa del Sol (secundaria),-75.5674057,6.3514459
place_of_worship,parroquia el divino niño,-75.5683219,6.3530932
school,Institución Educativa Villa del Sol (primaria),-75.5672957,6.3508774
hospital,Hospital Mental de Antioquia,-75.5649029,6.3245512
pharmacy,Droguería Multibello,-75.5647343,6.3412482
pharmacy,Droguería J.N.,-75.559218,6.3409742
pharmacy,Droguería La 50,-75.5589029,6.3384504
pharmacy,Drogas La Fortaleza,-75.5668779,6.3469267
pharmacy,Droguería Jaimar,-75.5476484,6.3460315
pharmacy,Drogueria Frontera 6B,-75.5538099,6.3491754
place_of_worship,Ministerio Verdad Y Vida,-75.5477428,6.3372987
hospital,Urgencias delNorte SAS,-75.556573,6.3330822
school,Institución Educativa Oreste Síndici,-75.5938852,6.184448
place_of_worship,Los Tres Dulces Nombres,-75.6190895,6.1775547
police,Cárcel de Máxima Seguridad de Itagüí,-75.6442146,6.1701087
pharmacy,Farmacenter,-75.6277185,6.1607507
school,,-75.6304221,6.1730703
clinic,Clínica Antioquia,-75.6126951,6.1695794
place_of_worship,Iglesia del Ajizal,-75.6051327,6.1934694
pharmacy,Droguería Uno A,-75.6096949,6.173735
police,C.A.I. San José,-75.6149586,6.167733
community_centre,Accion comunal yarumito,-75.6234819,6.1619478
bus_station,Taxiger itagui,-75.6075686,6.1691771
hospital,Hospital del sur,-75.6218374,6.1656657
police,C.A.I DEL SUR,-75.6215856,6.1653125
bank,AV Villas,-75.6087357,6.1721016
police,Estacion de policia itagui,-75.6079227,6.1689918
police,C.A.I DITAIRES,-75.6277386,6.170618
pharmacy,FARMACIA SURAMERICA,-75.6257795,6.1608491
bank,Bancolombia,-75.6084209,6.172254
bank,Bancolombia Parque Itagüí,-75.6089586,6.1724979
bank,BBVA,-75.609861,6.1723479
bank,Davivienda,-75.6100127,6.1726005
pharmacy,LA GARANTIA INDUAMERICA,-75.6203236,6.1671242
bus_station,TERMINAL YARUMITO,-75.6233438,6.1590533
police,Carcel de yarumito,-75.6231982,6.162052
pharmacy,PASTEUR DITAIRES,-75.628258,6.1703541
bank,Banco de Occidente,-75.609028,6.1726693
bank,Banco de Bogotá,-75.6096152,6.1728454
bank,Bancolombia,-75.6075354,6.1726937
pharmacy,Pasteur Parque Itagüí,-75.6091007,6.1728295
pharmacy,Pasteur Carrera 52,-75.6101913,6.1733821
school,COLEGIO FELIPE DE RESTREPO,-75.6211403,6.1629765
hospital,HOSPITAL,-75.621337,6.165313
hospital,HOSPITAL,-75.613242,6.171281
community_centre,Iebi,-75.6105241,6.1740532
clinic,Salud total,-75.6107984,6.1703527
place_of_worship,Iglesia de San Pio,-75.6197235,6.1648303
hospital,Hospital Del Sur,-75.6217813,6.1649544
place_of_worship,Parroquia san pio,-75.6196983,6.1647957
police,C.A.I. del sur,-75.621712,6.164917
bank,Bancolombia,-75.5973329,6.1878487
bank,Banco AV Villas,-75.5936931,6.1910673
pharmacy,Drogas Luben #1,-75.5968165,6.1879161
pharmacy,Pasteur Farmacia,-75.595924,6.1886094
pharmacy,Farma Ofertas,-75.6017612,6.1843255
pharmacy,Pharmavillas,-75.5990897,6.1943071
pharmacy,Farmacenter,-75.5991635,6.1911393
pharmacy,Droguería Pharma Full,-75.6007896,6.1835555
pharmacy,Droguería Villa Loma,-75.5995725,6.1836628
pharmacy,Droguería Oasisfarma,-75.599307,6.1842075
bank,Bancolombia,-75.5967012,6.1879954
bank,Corresponsal Bancarìo,-75.6020093,6.1828149
bank,Corresponsal Bancarìo,-75.6060742,6.1812102
pharmacy,Droguería Medi Full,-75.6034771,6.1814576
pharmacy,Farmasur,-75.6097676,6.1794129
place_of_worship,Iglesia Cristiana Cuadrangular,-75.6094632,6.1791456
pharmacy,Droguería La Fortaleza De Itagüí,-75.6090997,6.1788016
pharmacy,Droguería Sol Radiante,-75.6047867,6.1817322
pharmacy,Droguería El Rosario,-75.6125396,6.1792663
pharmacy,Droguería Mil Descuentos,-75.6071779,6.177049
pharmacy,Droguería,-75.6067568,6.1762096
pharmacy,Drogas La Economia,-75.612193,6.169783
pharmacy,Droguería La Gloria,-75.613296,6.1692637
pharmacy,Droguería Pharma Stock,-75.6111851,6.1701223
bank,Bancompartir,-75.6124183,6.1695157
pharmacy,Droguería Multidrogas,-75.6127663,6.1693617
pharmacy,Super Droguería la 77,-75.5945863,6.1851688
pharmacy,Demidrogas,-75.5953326,6.1840728
nightclub,Palmahia,-75.5834997,6.1911781
nightclub,MUTE Medellín,-75.6006739,6.1880731
bank,Banco BBVA Capricentro,-75.5927816,6.1789335
cinema,Procinal,-75.3781041,6.1471657
school,Institución Educativa Baltazar Salazar,-75.4235129,6.0784226
hospital,Hospital San Vicente de Paul - Río Negro,-75.4347573,6.1528652
school,Colegio Campestre Horizontes,-75.3985476,6.1321146
school,Colegio El Porvenir,-75.3874241,6.1500829
school,Colegio La Presentación,-75.3841532,6.1503116
pharmacy,Colsubsidio,-75.3740959,6.1520447
clinic,Oriente Salud,-75.3684894,6.1616943
place_of_worship,San Francisco de Asis,-75.3725741,6.1544444
community_centre,IDMJI Rionegro,-75.370856,6.149304
pharmacy,Bastilla Drogas,-75.3707466,6.1543397
marketplace,D1,-75.4429223,6.1793008
school,,-75.4486647,6.1433869
place_of_worship,,-75.4478668,6.1441743
bus_station,Sotrapeñol,-75.3704303,6.1561304
pharmacy,Farmacia Pasteur,-75.4358894,6.1543767
pharmacy,Drogueria Emmanuel,-75.371234,6.1576148
place_of_worship,Iglesia Pentecostes Unida Internacional,-75.3774192,6.1518446
pharmacy,La Rebaja,-75.3739277,6.1523793
pharmacy,Droguería Santa Farma,-75.3737667,6.1518413
school,Cedes Educación para el Trabajo y el Desarrollo Humano,-75.3744936,6.1517966
pharmacy,Drofarma Droguería,-75.3735508,6.1514593
pharmacy,Droguería Nueva,-75.3731763,6.1543637
bank,Banco Popular,-75.37365,6.1530794
pharmacy,Farmacia Popular,-75.3735676,6.153192
place_of_worship,,-75.370856,6.149304
bank,Bancolombia,-75.4212527,6.1257314
bus_station,Puente Belén,-75.3673735,6.1793848
bus_station,Buses al Santuario,-75.3707209,6.1554866
bus_station,Bus Carmen de Viboral,-75.3704265,6.1551264
bus_station,Micro Marinilla,-75.3703261,6.1551527
bus_station,Taxis y vans Carmen de viboral,-75.3720275,6.1528617
bus_station,Terminal TransUnidos,-75.3730187,6.1515125
